id,correctAnswer
102501,D
102502,B
102503,C
102504,C
102505,D
102506,B
102507,D
102508,C
102509,C
102510,B
102511,B
102512,C
102513,C
102514,B
102515,D
102516,A
102517,A
102518,A
102519,A
102520,B
102521,A
102522,A
102523,C
102524,D
102525,C
102526,A
102527,C
102528,B
102529,B
102530,D
102531,C
102532,B
102533,A
102534,A
102535,B
102536,D
102537,C
102538,C
102539,B
102540,C
102541,C
102542,C
102543,D
102544,D
102545,C
102546,D
102547,A
102548,B
102549,A
102550,D
102551,C
102552,D
102553,B
102554,B
102555,A
102556,A
102557,D
102558,B
102559,B
102560,A
102561,D
102562,A
102563,D
102564,D
102565,C
102566,B
102567,A
102568,A
102569,D
102570,A
102571,B
102572,D
102573,A
102574,B
102575,C
102576,D
102577,A
102578,D
102579,C
102580,D
102581,C
102582,B
102583,A
102584,C
102585,B
102586,A
102587,C
102588,D
102589,B
102590,C
102591,B
102592,D
102593,C
102594,B
102595,C
102596,B
102597,A
102598,B
102599,D
102600,B
102601,D
102602,C
102603,D
102604,A
102605,B
102606,B
102607,B
102608,B
102609,B
102610,C
102611,D
102612,D
102613,D
102614,C
102615,B
102616,D
102617,C
102618,C
102619,A
102620,B
102621,A
102622,A
102623,A
102624,B
102625,A
102626,C
102627,D
102628,D
102629,B
102630,A
102631,D
102632,C
102633,D
102634,C
102635,C
102636,A
102637,C
102638,D
102639,C
102640,C
102641,B
102642,C
102643,A
102644,D
102645,A
102646,C
102647,D
102648,A
102649,D
102650,D
102651,A
102652,B
102653,A
102654,B
102655,C
102656,C
102657,A
102658,A
102659,A
102660,D
102661,A
102662,B
102663,B
102664,B
102665,D
102666,A
102667,A
102668,A
102669,C
102670,D
102671,C
102672,B
102673,D
102674,C
102675,C
102676,D
102677,B
102678,B
102679,D
102680,B
102681,A
102682,B
102683,C
102684,D
102685,B
102686,C
102687,A
102688,B
102689,B
102690,A
102691,C
102692,A
102693,D
102694,D
102695,C
102696,C
102697,C
102698,C
102699,A
102700,B
102701,B
102702,D
102703,A
102704,D
102705,A
102706,D
102707,B
102708,C
102709,C
102710,D
102711,C
102712,D
102713,C
102714,A
102715,B
102716,A
102717,A
102718,A
102719,A
102720,D
102721,D
102722,C
102723,C
102724,D
102725,B
102726,C
102727,D
102728,D
102729,A
102730,B
102731,C
102732,B
102733,D
102734,D
102735,D
102736,B
102737,D
102738,A
102739,C
102740,D
102741,C
102742,D
102743,D
102744,B
102745,D
102746,A
102747,C
102748,C
102749,D
102750,C
102751,A
102752,C
102753,A
102754,C
102755,B
102756,C
102757,A
102758,C
102759,C
102760,B
102761,A
102762,D
102763,A
102764,C
102765,A
102766,C
102767,A
102768,A
102769,A
102770,A
102771,B
102772,C
102773,D
102774,C
102775,A
102776,D
102777,D
102778,A
102779,A
102780,A
102781,B
102782,C
102783,B
102784,B
102785,D
102786,D
102787,B
102788,A
102789,A
102790,B
102791,D
102792,C
102793,A
102794,D
102795,C
102796,A
102797,D
102798,C
102799,A
102800,A
102801,B
102802,B
102803,C
102804,A
102805,C
102806,D
102807,D
102808,B
102809,D
102810,D
102811,A
102812,C
102813,D
102814,C
102815,D
102816,C
102817,C
102818,D
102819,A
102820,A
102821,C
102822,B
102823,C
102824,B
102825,A
102826,D
102827,C
102828,C
102829,D
102830,C
102831,B
102832,C
102833,C
102834,C
102835,B
102836,C
102837,A
102838,B
102839,D
102840,D
102841,A
102842,B
102843,B
102844,B
102845,B
102846,D
102847,A
102848,D
102849,B
102850,C
102851,B
102852,B
102853,B
102854,D
102855,D
102856,A
102857,B
102858,A
102859,A
102860,A
102861,A
102862,C
102863,A
102864,B
102865,A
102866,C
102867,D
102868,C
102869,C
102870,C
102871,A
102872,D
102873,A
102874,C
102875,B
102876,B
102877,A
102878,D
102879,A
102880,A
102881,B
102882,A
102883,A
102884,A
102885,C
102886,C
102887,A
102888,B
102889,D
102890,B
102891,C
102892,A
102893,C
102894,D
102895,C
102896,C
102897,B
102898,D
102899,D
102900,D
102901,B
102902,B
102903,B
102904,A
102905,A
102906,C
102907,C
102908,B
102909,C
102910,A
102911,A
102912,B
102913,A
102914,A
102915,C
102916,C
102917,D
102918,B
102919,D
102920,B
102921,A
102922,D
102923,B
102924,B
102925,B
102926,B
102927,C
102928,A
102929,C
102930,B
102931,B
102932,B
102933,B
102934,D
102935,D
102936,C
102937,D
102938,A
102939,B
102940,D
102941,D
102942,D
102943,D
102944,B
102945,B
102946,C
102947,A
102948,C
102949,C
102950,A
102951,A
102952,A
102953,D
102954,B
102955,B
102956,A
102957,D
102958,A
102959,A
102960,C
102961,D
102962,A
102963,D
102964,C
102965,D
102966,D
102967,D
102968,A
102969,D
102970,B
102971,B
102972,A
102973,D
102974,D
102975,D
102976,C
102977,C
102978,C
102979,D
102980,A
102981,A
102982,C
102983,D
102984,B
102985,C
102986,B
102987,D
102988,B
102989,B
102990,B
102991,B
102992,B
102993,A
102994,D
102995,B
102996,A
102997,A
102998,B
102999,A
103000,A
103001,D
103002,D
103003,C
103004,A
103005,A
103006,A
103007,B
103008,C
103009,A
103010,D
103011,D
103012,A
103013,D
103014,C
103015,B
103016,B
103017,B
103018,C
103019,B
103020,C
103021,A
103022,D
103023,B
103024,B
103025,D
103026,B
103027,C
103028,B
103029,A
103030,B
103031,B
103032,A
103033,D
103034,B
103035,A
103036,C
103037,B
103038,D
103039,A
103040,D
103041,B
103042,B
103043,D
103044,D
103045,C
103046,D
103047,D
103048,C
103049,B
103050,C
103051,D
103052,D
103053,C
103054,D
103055,B
103056,D
103057,D
103058,B
103059,C
103060,B
103061,C
103062,B
103063,B
103064,D
103065,B
103066,A
103067,A
103068,D
103069,A
103070,B
103071,B
103072,A
103073,D
103074,A
103075,B
103076,A
103077,A
103078,A
103079,C
103080,D
103081,A
103082,C
103083,B
103084,A
103085,D
103086,A
103087,A
103088,C
103089,A
103090,D
103091,C
103092,D
103093,A
103094,C
103095,C
103096,D
103097,B
103098,B
103099,B
103100,A
103101,B
103102,A
103103,A
103104,D
103105,D
103106,B
103107,D
103108,D
103109,C
103110,C
103111,B
103112,B
103113,B
103114,C
103115,C
103116,D
103117,A
103118,C
103119,A
103120,D
103121,C
103122,D
103123,C
103124,D
103125,D
103126,A
103127,C
103128,A
103129,C
103130,B
103131,A
103132,C
103133,A
103134,A
103135,B
103136,B
103137,D
103138,C
103139,B
103140,A
103141,B
103142,B
103143,D
103144,C
103145,A
103146,A
103147,D
103148,D
103149,B
103150,C
103151,D
103152,B
103153,A
103154,D
103155,B
103156,D
103157,A
103158,B
103159,A
103160,C
103161,B
103162,A
103163,D
103164,C
103165,A
103166,B
103167,D
103168,B
103169,B
103170,D
103171,D
103172,B
103173,D
103174,B
103175,C
103176,B
103177,A
103178,A
103179,A
103180,C
103181,D
103182,C
103183,A
103184,B
103185,C
103186,B
103187,B
103188,A
103189,B
103190,C
103191,D
103192,A
103193,A
103194,D
103195,B
103196,B
103197,A
103198,A
103199,B
103200,B
103201,C
103202,D
103203,D
103204,C
103205,C
103206,B
103207,A
103208,C
103209,A
103210,B
103211,D
103212,A
103213,B
103214,C
103215,D
103216,D
103217,B
103218,A
103219,C
103220,D
103221,C
103222,D
103223,A
103224,C
103225,D
103226,B
103227,C
103228,D
103229,B
103230,D
103231,A
103232,D
103233,B
103234,A
103235,A
103236,B
103237,D
103238,B
103239,D
103240,A
103241,B
103242,A
103243,D
103244,B
103245,A
103246,D
103247,B
103248,C
103249,C
103250,C
103251,C
103252,D
103253,C
103254,A
103255,B
103256,A
103257,D
103258,D
103259,D
103260,A
103261,A
103262,C
103263,B
103264,D
103265,B
103266,B
103267,D
103268,C
103269,D
103270,B
103271,C
103272,A
103273,A
103274,A
103275,C
103276,D
103277,B
103278,A
103279,A
103280,D
103281,B
103282,A
103283,C
103284,A
103285,A
103286,A
103287,B
103288,D
103289,D
103290,C
103291,D
103292,A
103293,B
103294,A
103295,B
103296,D
103297,B
103298,C
103299,D
103300,B
103301,A
103302,D
103303,C
103304,C
103305,D
103306,A
103307,A
103308,B
103309,A
103310,A
103311,D
103312,B
103313,B
103314,C
103315,B
103316,D
103317,C
103318,D
103319,D
103320,C
103321,B
103322,B
103323,A
103324,B
103325,B
103326,A
103327,C
103328,D
103329,B
103330,A
103331,C
103332,C
103333,A
103334,D
103335,B
103336,D
103337,D
103338,C
103339,A
103340,C
103341,B
103342,C
103343,D
103344,C
103345,C
103346,A
103347,A
103348,D
103349,A
103350,D
103351,D
103352,C
103353,B
103354,C
103355,C
103356,D
103357,A
103358,C
103359,D
103360,A
103361,A
103362,C
103363,C
103364,B
103365,D
103366,C
103367,D
103368,C
103369,C
103370,D
103371,A
103372,A
103373,D
103374,C
103375,C
103376,B
103377,B
103378,D
103379,A
103380,A
103381,D
103382,D
103383,B
103384,C
103385,C
103386,B
103387,D
103388,C
103389,B
103390,A
103391,A
103392,C
103393,B
103394,B
103395,B
103396,C
103397,D
103398,D
103399,C
103400,A
103401,A
103402,B
103403,D
103404,C
103405,A
103406,B
103407,B
103408,A
103409,A
103410,B
103411,C
103412,C
103413,D
103414,C
103415,D
103416,C
103417,D
103418,D
103419,B
103420,D
103421,C
103422,D
103423,A
103424,B
103425,A
103426,B
103427,B
103428,A
103429,C
103430,D
103431,C
103432,C
103433,C
103434,B
103435,A
103436,C
103437,A
103438,C
103439,C
103440,B
103441,D
103442,C
103443,C
103444,C
103445,D
103446,B
103447,D
103448,C
103449,A
103450,A
103451,C
103452,B
103453,A
103454,C
103455,A
103456,B
103457,B
103458,D
103459,A
103460,A
103461,A
103462,D
103463,B
103464,A
103465,A
103466,B
103467,D
103468,C
103469,B
103470,B
103471,B
103472,B
103473,D
103474,B
103475,C
103476,C
103477,B
103478,C
103479,D
103480,A
103481,A
103482,C
103483,B
103484,C
103485,A
103486,D
103487,D
103488,A
103489,D
103490,B
103491,B
103492,B
103493,C
103494,D
103495,D
103496,A
103497,C
103498,B
103499,C
103500,D
103501,B
103502,C
103503,D
103504,C
103505,B
103506,A
103507,D
103508,C
103509,C
103510,A
103511,D
103512,D
103513,A
103514,D
103515,B
103516,C
103517,A
103518,D
103519,B
103520,A
103521,D
103522,B
103523,A
103524,C
103525,D
103526,C
103527,A
103528,C
103529,B
103530,C
103531,C
103532,D
103533,D
103534,A
103535,C
103536,D
103537,A
103538,A
103539,D
103540,A
103541,B
103542,B
103543,B
103544,A
103545,B
103546,D
103547,B
103548,D
103549,A
103550,A
103551,A
103552,D
103553,C
103554,D
103555,D
103556,C
103557,B
103558,A
103559,A
103560,B
103561,B
103562,A
103563,D
103564,D
103565,D
103566,A
103567,C
103568,C
103569,A
103570,A
103571,C
103572,D
103573,D
103574,A
103575,A
103576,B
103577,D
103578,A
103579,C
103580,D
103581,C
103582,B
103583,C
103584,B
103585,B
103586,D
103587,A
103588,A
103589,A
103590,D
103591,B
103592,B
103593,A
103594,C
103595,A
103596,C
103597,D
103598,D
103599,B
103600,B
103601,C
103602,D
103603,D
103604,A
103605,C
103606,C
103607,A
103608,C
103609,C
103610,D
103611,B
103612,C
103613,B
103614,A
103615,B
103616,C
103617,D
103618,A
103619,B
103620,A
103621,B
103622,D
103623,A
103624,D
103625,B
103626,D
103627,A
103628,C
103629,A
103630,A
103631,C
103632,C
103633,D
103634,A
103635,A
103636,D
103637,B
103638,A
103639,C
103640,D
103641,A
103642,C
103643,A
103644,D
103645,D
103646,C
103647,C
103648,D
103649,A
103650,A
103651,C
103652,D
103653,D
103654,C
103655,B
103656,B
103657,C
103658,B
103659,B
103660,C
103661,B
103662,A
103663,C
103664,A
103665,B
103666,B
103667,B
103668,C
103669,D
103670,C
103671,D
103672,D
103673,D
103674,D
103675,A
103676,C
103677,D
103678,B
103679,D
103680,D
103681,A
103682,A
103683,D
103684,D
103685,D
103686,D
103687,B
103688,B
103689,C
103690,B
103691,B
103692,B
103693,C
103694,C
103695,B
103696,B
103697,C
103698,C
103699,A
103700,A
103701,C
103702,A
103703,C
103704,D
103705,B
103706,B
103707,D
103708,B
103709,D
103710,D
103711,D
103712,A
103713,D
103714,B
103715,B
103716,B
103717,D
103718,A
103719,B
103720,D
103721,A
103722,D
103723,C
103724,B
103725,C
103726,D
103727,B
103728,A
103729,B
103730,D
103731,C
103732,B
103733,D
103734,B
103735,C
103736,A
103737,D
103738,C
103739,C
103740,C
103741,B
103742,B
103743,B
103744,B
103745,B
103746,D
103747,B
103748,C
103749,A
103750,A
103751,B
103752,C
103753,A
103754,C
103755,B
103756,C
103757,C
103758,B
103759,D
103760,D
103761,B
103762,D
103763,B
103764,A
103765,D
103766,C
103767,D
103768,B
103769,A
103770,C
103771,B
103772,B
103773,A
103774,C
103775,B
103776,C
103777,B
103778,A
103779,C
103780,B
103781,C
103782,B
103783,C
103784,A
103785,C
103786,B
103787,A
103788,C
103789,A
103790,D
103791,A
103792,C
103793,B
103794,A
103795,D
103796,B
103797,A
103798,B
103799,D
103800,C
103801,C
103802,D
103803,B
103804,D
103805,C
103806,D
103807,A
103808,A
103809,D
103810,A
103811,D
103812,C
103813,B
103814,A
103815,D
103816,D
103817,D
103818,C
103819,A
103820,A
103821,B
103822,B
103823,C
103824,D
103825,B
103826,B
103827,D
103828,B
103829,C
103830,A
103831,C
103832,A
103833,D
103834,C
103835,C
103836,D
103837,C
103838,B
103839,C
103840,C
103841,A
103842,C
103843,D
103844,A
103845,C
103846,C
103847,C
103848,D
103849,D
103850,A
103851,D
103852,C
103853,C
103854,D
103855,B
103856,D
103857,A
103858,A
103859,A
103860,B
103861,B
103862,B
103863,B
103864,A
103865,A
103866,D
103867,B
103868,B
103869,D
103870,D
103871,A
103872,D
103873,C
103874,D
103875,C
103876,A
103877,D
103878,D
103879,B
103880,D
103881,B
103882,C
103883,B
103884,C
103885,D
103886,B
103887,A
103888,B
103889,C
103890,C
103891,B
103892,C
103893,C
103894,B
103895,B
103896,B
103897,B
103898,B
103899,B
103900,C
103901,D
103902,D
103903,C
103904,D
103905,A
103906,C
103907,A
103908,D
103909,B
103910,C
103911,C
103912,B
103913,B
103914,A
103915,C
103916,B
103917,D
103918,D
103919,A
103920,C
103921,B
103922,C
103923,C
103924,C
103925,B
103926,C
103927,B
103928,A
103929,A
103930,D
103931,B
103932,C
103933,A
103934,A
103935,D
103936,C
103937,C
103938,D
103939,B
103940,C
103941,C
103942,A
103943,C
103944,B
103945,D
103946,A
103947,A
103948,D
103949,B
103950,B
103951,A
103952,C
103953,D
103954,A
103955,A
103956,A
103957,D
103958,D
103959,C
103960,D
103961,C
103962,C
103963,B
103964,C
103965,D
103966,C
103967,A
103968,A
103969,C
103970,B
103971,D
103972,A
103973,D
103974,D
103975,C
103976,A
103977,A
103978,B
103979,A
103980,A
103981,D
103982,A
103983,D
103984,A
103985,A
103986,A
103987,C
103988,C
103989,D
103990,D
103991,A
103992,D
103993,B
103994,D
103995,B
103996,D
103997,A
103998,D
103999,C
104000,C
104001,D
104002,D
104003,A
104004,D
104005,A
104006,C
104007,B
104008,A
104009,C
104010,C
104011,A
104012,C
104013,A
104014,A
104015,B
104016,C
104017,C
104018,C
104019,A
104020,C
104021,A
104022,B
104023,B
104024,C
104025,D
104026,D
104027,A
104028,D
104029,B
104030,B
104031,D
104032,C
104033,A
104034,C
104035,D
104036,C
104037,C
104038,C
104039,B
104040,C
104041,A
104042,D
104043,B
104044,A
104045,B
104046,A
104047,C
104048,C
104049,A
104050,B
104051,D
104052,B
104053,D
104054,C
104055,C
104056,A
104057,B
104058,C
104059,C
104060,B
104061,B
104062,D
104063,B
104064,C
104065,A
104066,C
104067,C
104068,D
104069,D
104070,C
104071,C
104072,C
104073,D
104074,A
104075,A
104076,A
104077,B
104078,C
104079,D
104080,C
104081,D
104082,C
104083,C
104084,B
104085,A
104086,C
104087,A
104088,B
104089,B
104090,B
104091,B
104092,D
104093,B
104094,A
104095,A
104096,D
104097,D
104098,D
104099,C
104100,B
104101,A
104102,B
104103,C
104104,C
104105,B
104106,A
104107,C
104108,C
104109,C
104110,A
104111,B
104112,A
104113,B
104114,B
104115,B
104116,B
104117,A
104118,B
104119,D
104120,B
104121,B
104122,B
104123,C
104124,B
104125,A
104126,D
104127,A
104128,D
104129,D
104130,C
104131,D
104132,B
104133,D
104134,B
104135,A
104136,A
104137,A
104138,A
104139,A
104140,B
104141,C
104142,B
104143,D
104144,D
104145,B
104146,C
104147,A
104148,A
104149,C
104150,D
104151,B
104152,B
104153,C
104154,A
104155,B
104156,C
104157,B
104158,A
104159,C
104160,D
104161,C
104162,D
104163,D
104164,B
104165,B
104166,A
104167,B
104168,A
104169,B
104170,D
104171,D
104172,B
104173,A
104174,D
104175,D
104176,B
104177,C
104178,A
104179,D
104180,C
104181,C
104182,D
104183,A
104184,D
104185,A
104186,A
104187,B
104188,A
104189,C
104190,B
104191,D
104192,D
104193,D
104194,C
104195,B
104196,A
104197,C
104198,A
104199,B
104200,D
104201,C
104202,D
104203,C
104204,D
104205,A
104206,A
104207,A
104208,B
104209,A
104210,D
104211,A
104212,B
104213,D
104214,B
104215,D
104216,A
104217,D
104218,A
104219,C
104220,A
104221,D
104222,B
104223,C
104224,B
104225,C
104226,C
104227,B
104228,A
104229,D
104230,C
104231,B
104232,D
104233,C
104234,A
104235,C
104236,A
104237,D
104238,D
104239,A
104240,D
104241,A
104242,C
104243,C
104244,B
104245,B
104246,D
104247,A
104248,C
104249,A
104250,B
104251,D
104252,A
104253,D
104254,C
104255,C
104256,D
104257,B
104258,A
104259,A
104260,A
104261,C
104262,B
104263,D
104264,C
104265,B
104266,C
104267,B
104268,B
104269,A
104270,C
104271,C
104272,D
104273,C
104274,D
104275,B
104276,D
104277,C
104278,D
104279,A
104280,A
104281,D
104282,D
104283,B
104284,A
104285,C
104286,A
104287,D
104288,D
104289,C
104290,A
104291,C
104292,A
104293,A
104294,B
104295,C
104296,B
104297,C
104298,D
104299,D
104300,B
104301,B
104302,B
104303,D
104304,B
104305,C
104306,D
104307,C
104308,A
104309,D
104310,A
104311,B
104312,C
104313,C
104314,B
104315,A
104316,C
104317,C
104318,C
104319,D
104320,B
104321,D
104322,C
104323,D
104324,C
104325,A
104326,B
104327,C
104328,B
104329,A
104330,B
104331,A
104332,A
104333,B
104334,B
104335,D
104336,D
104337,B
104338,C
104339,C
104340,D
104341,D
104342,D
104343,B
104344,A
104345,A
104346,C
104347,A
104348,B
104349,B
104350,B
104351,C
104352,C
104353,C
104354,C
104355,B
104356,D
104357,A
104358,C
104359,D
104360,D
104361,A
104362,A
104363,B
104364,D
104365,B
104366,D
104367,D
104368,D
104369,C
104370,C
104371,C
104372,B
104373,B
104374,A
104375,A
104376,B
104377,B
104378,B
104379,C
104380,D
104381,B
104382,D
104383,C
104384,D
104385,A
104386,A
104387,D
104388,B
104389,B
104390,D
104391,A
104392,B
104393,A
104394,A
104395,C
104396,B
104397,D
104398,A
104399,A
104400,D
104401,C
104402,B
104403,D
104404,C
104405,A
104406,C
104407,D
104408,B
104409,B
104410,A
104411,C
104412,C
104413,D
104414,D
104415,A
104416,D
104417,B
104418,A
104419,D
104420,D
104421,A
104422,D
104423,B
104424,C
104425,D
104426,B
104427,A
104428,B
104429,A
104430,C
104431,A
104432,A
104433,C
104434,A
104435,C
104436,D
104437,B
104438,D
104439,B
104440,D
104441,B
104442,C
104443,C
104444,A
104445,D
104446,A
104447,A
104448,D
104449,C
104450,C
104451,C
104452,C
104453,C
104454,A
104455,D
104456,C
104457,D
104458,A
104459,B
104460,C
104461,A
104462,A
104463,B
104464,D
104465,B
104466,B
104467,D
104468,B
104469,C
104470,A
104471,A
104472,D
104473,D
104474,D
104475,A
104476,D
104477,D
104478,D
104479,C
104480,D
104481,A
104482,C
104483,C
104484,B
104485,C
104486,B
104487,C
104488,D
104489,D
104490,B
104491,A
104492,B
104493,A
104494,A
104495,B
104496,C
104497,C
104498,C
104499,D
104500,D
104501,A
104502,A
104503,C
104504,A
104505,B
104506,A
104507,A
104508,B
104509,C
104510,B
104511,B
104512,D
104513,A
104514,B
104515,D
104516,C
104517,C
104518,B
104519,A
104520,B
104521,B
104522,B
104523,B
104524,C
104525,B
104526,D
104527,B
104528,C
104529,C
104530,B
104531,D
104532,A
104533,C
104534,D
104535,A
104536,B
104537,A
104538,D
104539,C
104540,D
104541,D
104542,A
104543,C
104544,A
104545,A
104546,C
104547,D
104548,C
104549,D
104550,B
104551,C
104552,B
104553,C
104554,C
104555,D
104556,B
104557,A
104558,B
104559,C
104560,C
104561,A
104562,B
104563,D
104564,C
104565,C
104566,C
104567,A
104568,D
104569,B
104570,B
104571,D
104572,C
104573,A
104574,A
104575,A
104576,D
104577,B
104578,A
104579,D
104580,D
104581,C
104582,A
104583,D
104584,D
104585,A
104586,C
104587,A
104588,D
104589,A
104590,B
104591,D
104592,B
104593,B
104594,B
104595,A
104596,B
104597,D
104598,D
104599,A
104600,B
104601,A
104602,B
104603,C
104604,D
104605,C
104606,C
104607,A
104608,D
104609,D
104610,D
104611,C
104612,C
104613,C
104614,B
104615,A
104616,A
104617,A
104618,C
104619,A
104620,C
104621,D
104622,C
104623,B
104624,D
104625,C
104626,B
104627,A
104628,B
104629,C
104630,D
104631,D
104632,A
104633,A
104634,B
104635,B
104636,C
104637,D
104638,C
104639,D
104640,B
104641,A
104642,A
104643,A
104644,D
104645,A
104646,A
104647,B
104648,A
104649,C
104650,C
104651,D
104652,D
104653,B
104654,D
104655,C
104656,C
104657,D
104658,C
104659,C
104660,D
104661,B
104662,C
104663,B
104664,C
104665,B
104666,C
104667,B
104668,B
104669,C
104670,A
104671,C
104672,D
104673,A
104674,B
104675,C
104676,D
104677,C
104678,B
104679,A
104680,B
104681,A
104682,D
104683,D
104684,C
104685,A
104686,B
104687,D
104688,A
104689,B
104690,B
104691,A
104692,B
104693,C
104694,A
104695,B
104696,C
104697,C
104698,A
104699,D
104700,D
104701,A
104702,D
104703,A
104704,B
104705,D
104706,A
104707,D
104708,A
104709,A
104710,C
104711,A
104712,C
104713,B
104714,A
104715,A
104716,A
104717,C
104718,C
104719,A
104720,B
104721,D
104722,D
104723,D
104724,A
104725,A
104726,A
104727,B
104728,C
104729,A
104730,A
104731,B
104732,D
104733,C
104734,A
104735,D
104736,C
104737,B
104738,A
104739,B
104740,A
104741,B
104742,C
104743,D
104744,D
104745,C
104746,A
104747,D
104748,C
104749,B
104750,B
104751,D
104752,B
104753,B
104754,C
104755,A
104756,C
104757,D
104758,A
104759,A
104760,D
104761,B
104762,A
104763,C
104764,A
104765,B
104766,C
104767,C
104768,C
104769,D
104770,B
104771,C
104772,B
104773,B
104774,D
104775,D
104776,A
104777,B
104778,C
104779,B
104780,D
104781,C
104782,B
104783,C
104784,C
104785,D
104786,D
104787,D
104788,D
104789,C
104790,D
104791,C
104792,D
104793,B
104794,A
104795,D
104796,A
104797,C
104798,D
104799,A
104800,A
104801,B
104802,C
104803,C
104804,A
104805,C
104806,A
104807,B
104808,D
104809,C
104810,B
104811,A
104812,B
104813,C
104814,B
104815,C
104816,B
104817,C
104818,A
104819,D
104820,A
104821,D
104822,A
104823,D
104824,D
104825,D
104826,B
104827,D
104828,A
104829,A
104830,D
104831,D
104832,D
104833,A
104834,B
104835,B
104836,B
104837,D
104838,B
104839,A
104840,A
104841,B
104842,A
104843,D
104844,A
104845,D
104846,D
104847,D
104848,C
104849,B
104850,A
104851,C
104852,D
104853,B
104854,A
104855,A
104856,A
104857,D
104858,A
104859,C
104860,A
104861,A
104862,D
104863,A
104864,B
104865,B
104866,B
104867,A
104868,D
104869,B
104870,D
104871,B
104872,D
104873,D
104874,A
104875,D
104876,A
104877,A
104878,B
104879,D
104880,C
104881,C
104882,C
104883,B
104884,D
104885,C
104886,C
104887,B
104888,B
104889,C
104890,C
104891,A
104892,C
104893,A
104894,D
104895,D
104896,C
104897,C
104898,C
104899,B
104900,D
104901,A
104902,D
104903,D
104904,B
104905,B
104906,A
104907,A
104908,B
104909,C
104910,D
104911,D
104912,B
104913,A
104914,D
104915,C
104916,C
104917,D
104918,B
104919,B
104920,B
104921,B
104922,B
104923,C
104924,B
104925,D
104926,A
104927,B
104928,C
104929,C
104930,C
104931,B
104932,D
104933,C
104934,A
104935,C
104936,D
104937,B
104938,D
104939,A
104940,A
104941,A
104942,B
104943,A
104944,C
104945,C
104946,D
104947,B
104948,A
104949,A
104950,C
104951,C
104952,B
104953,B
104954,B
104955,D
104956,B
104957,A
104958,B
104959,B
104960,C
104961,B
104962,A
104963,A
104964,B
104965,D
104966,A
104967,D
104968,B
104969,D
104970,A
104971,C
104972,B
104973,C
104974,C
104975,A
104976,D
104977,A
104978,A
104979,A
104980,D
104981,A
104982,C
104983,D
104984,D
104985,B
104986,C
104987,D
104988,B
104989,C
104990,D
104991,C
104992,A
104993,A
104994,A
104995,A
104996,B
104997,C
104998,B
104999,C
105000,C
105001,D
105002,A
105003,C
105004,A
105005,C
105006,D
105007,D
105008,D
105009,A
105010,B
105011,B
105012,C
105013,B
105014,B
105015,A
105016,D
105017,C
105018,C
105019,B
105020,C
105021,D
105022,A
105023,B
105024,A
105025,A
105026,A
105027,A
105028,B
105029,A
105030,C
105031,D
105032,C
105033,B
105034,B
105035,B
105036,B
105037,C
105038,B
105039,A
105040,D
105041,B
105042,D
105043,D
105044,B
105045,B
105046,C
105047,A
105048,D
105049,D
105050,A
105051,C
105052,D
105053,A
105054,C
105055,B
105056,A
105057,A
105058,A
105059,D
105060,A
105061,B
105062,B
105063,A
105064,C
105065,C
105066,A
105067,A
105068,B
105069,B
105070,C
105071,A
105072,D
105073,D
105074,C
105075,A
105076,C
105077,D
105078,A
105079,A
105080,B
105081,C
105082,A
105083,D
105084,D
105085,A
105086,D
105087,D
105088,D
105089,C
105090,C
105091,B
105092,B
105093,A
105094,C
105095,B
105096,B
105097,A
105098,A
105099,D
105100,B
105101,C
105102,A
105103,A
105104,D
105105,B
105106,B
105107,A
105108,A
105109,C
105110,B
105111,B
105112,B
105113,C
105114,D
105115,D
105116,B
105117,B
105118,D
105119,D
105120,C
105121,D
105122,C
105123,C
105124,A
105125,A
105126,D
105127,D
105128,B
105129,B
105130,D
105131,C
105132,D
105133,C
105134,D
105135,C
105136,A
105137,C
105138,B
105139,C
105140,B
105141,B
105142,C
105143,B
105144,C
105145,A
105146,D
105147,A
105148,C
105149,A
105150,C
105151,B
105152,A
105153,D
105154,B
105155,C
105156,D
105157,A
105158,C
105159,C
105160,A
105161,C
105162,D
105163,B
105164,A
105165,D
105166,C
105167,D
105168,A
105169,A
105170,D
105171,A
105172,B
105173,C
105174,B
105175,D
105176,A
105177,C
105178,B
105179,C
105180,A
105181,D
105182,A
105183,A
105184,D
105185,A
105186,C
105187,A
105188,B
105189,A
105190,B
105191,B
105192,D
105193,C
105194,B
105195,D
105196,B
105197,D
105198,C
105199,D
105200,A
105201,A
105202,A
105203,C
105204,D
105205,A
105206,C
105207,C
105208,D
105209,D
105210,C
105211,A
105212,B
105213,A
105214,B
105215,D
105216,C
105217,A
105218,A
105219,A
105220,D
105221,D
105222,C
105223,C
105224,C
105225,D
105226,C
105227,C
105228,B
105229,D
105230,C
105231,C
105232,D
105233,C
105234,A
105235,A
105236,A
105237,B
105238,A
105239,A
105240,A
105241,B
105242,C
105243,A
105244,C
105245,C
105246,A
105247,B
105248,C
105249,B
105250,D
105251,C
105252,D
105253,D
105254,A
105255,D
105256,D
105257,A
105258,D
105259,D
105260,D
105261,B
105262,C
105263,C
105264,A
105265,B
105266,D
105267,C
105268,B
105269,A
105270,D
105271,D
105272,B
105273,A
105274,C
105275,C
105276,A
105277,D
105278,C
105279,D
105280,C
105281,A
105282,B
105283,D
105284,D
105285,A
105286,A
105287,A
105288,C
105289,C
105290,B
105291,D
105292,B
105293,A
105294,C
105295,C
105296,A
105297,A
105298,D
105299,C
105300,D
105301,D
105302,B
105303,D
105304,D
105305,B
105306,B
105307,B
105308,D
105309,A
105310,D
105311,B
105312,C
105313,A
105314,C
105315,A
105316,C
105317,A
105318,B
105319,D
105320,D
105321,C
105322,C
105323,D
105324,B
105325,B
105326,D
105327,A
105328,B
105329,D
105330,B
105331,D
105332,D
105333,A
105334,C
105335,C
105336,A
105337,B
105338,D
105339,C
105340,B
105341,A
105342,D
105343,A
105344,C
105345,D
105346,C
105347,D
105348,D
105349,C
105350,A
105351,B
105352,D
105353,B
105354,A
105355,D
105356,A
105357,D
105358,C
105359,C
105360,D
105361,D
105362,C
105363,A
105364,C
105365,A
105366,A
105367,B
105368,D
105369,C
105370,D
105371,C
105372,B
105373,C
105374,C
105375,A
105376,B
105377,D
105378,D
105379,D
105380,D
105381,C
105382,D
105383,D
105384,D
105385,A
105386,A
105387,A
105388,C
105389,B
105390,C
105391,B
105392,A
105393,D
105394,B
105395,C
105396,C
105397,D
105398,D
105399,A
105400,A
105401,D
105402,B
105403,A
105404,B
105405,B
105406,D
105407,A
105408,C
105409,B
105410,B
105411,B
105412,A
105413,A
105414,B
105415,A
105416,A
105417,B
105418,D
105419,D
105420,C
105421,D
105422,B
105423,C
105424,D
105425,B
105426,C
105427,D
105428,A
105429,D
105430,D
105431,B
105432,B
105433,A
105434,C
105435,B
105436,B
105437,D
105438,C
105439,D
105440,D
105441,D
105442,D
105443,A
105444,C
105445,A
105446,B
105447,B
105448,B
105449,D
105450,A
105451,D
105452,A
105453,B
105454,C
105455,A
105456,B
105457,C
105458,C
105459,D
105460,C
105461,A
105462,C
105463,C
105464,A
105465,C
105466,B
105467,B
105468,A
105469,C
105470,C
105471,B
105472,A
105473,B
105474,A
105475,D
105476,A
105477,A
105478,C
105479,D
105480,B
105481,A
105482,C
105483,B
105484,C
105485,C
105486,A
105487,A
105488,A
105489,D
105490,C
105491,B
105492,A
105493,C
105494,B
105495,D
105496,A
105497,C
105498,A
105499,A
105500,D
105501,B
105502,A
105503,D
105504,A
105505,C
105506,B
105507,C
105508,B
105509,C
105510,B
105511,A
105512,B
105513,B
105514,B
105515,D
105516,C
105517,C
105518,B
105519,C
105520,A
105521,B
105522,B
105523,D
105524,B
105525,C
105526,C
105527,A
105528,B
105529,C
105530,C
105531,C
105532,D
105533,D
105534,A
105535,B
105536,A
105537,A
105538,C
105539,C
105540,D
105541,B
105542,D
105543,B
105544,A
105545,A
105546,A
105547,D
105548,D
105549,B
105550,D
105551,C
105552,A
105553,B
105554,D
105555,C
105556,D
105557,A
105558,B
105559,A
105560,D
105561,A
105562,A
105563,A
105564,A
105565,C
105566,C
105567,B
105568,A
105569,C
105570,C
105571,D
105572,C
105573,B
105574,B
105575,C
105576,B
105577,D
105578,C
105579,A
105580,A
105581,A
105582,B
105583,C
105584,C
105585,C
105586,B
105587,C
105588,D
105589,D
105590,C
105591,C
105592,A
105593,D
105594,B
105595,A
105596,C
105597,A
105598,B
105599,C
105600,C
105601,B
105602,C
105603,D
105604,D
105605,C
105606,D
105607,B
105608,B
105609,B
105610,D
105611,B
105612,A
105613,D
105614,D
105615,C
105616,C
105617,D
105618,A
105619,B
105620,B
105621,D
105622,A
105623,A
105624,B
105625,A
105626,B
105627,C
105628,D
105629,A
105630,A
105631,B
105632,A
105633,B
105634,B
105635,A
105636,D
105637,A
105638,A
105639,D
105640,C
105641,B
105642,A
105643,B
105644,C
105645,A
105646,D
105647,A
105648,B
105649,B
105650,C
105651,D
105652,D
105653,B
105654,D
105655,A
105656,A
105657,B
105658,A
105659,C
105660,D
105661,B
105662,D
105663,C
105664,D
105665,A
105666,C
105667,A
105668,A
105669,C
105670,B
105671,A
105672,A
105673,C
105674,A
105675,D
105676,B
105677,A
105678,D
105679,C
105680,A
105681,D
105682,D
105683,A
105684,A
105685,C
105686,A
105687,B
105688,A
105689,A
105690,B
105691,A
105692,D
105693,A
105694,C
105695,C
105696,B
105697,D
105698,B
105699,A
105700,C
105701,D
105702,B
105703,D
105704,A
105705,A
105706,A
105707,C
105708,A
105709,B
105710,D
105711,A
105712,D
105713,B
105714,A
105715,D
105716,D
105717,B
105718,B
105719,B
105720,A
105721,B
105722,D
105723,C
105724,B
105725,D
105726,D
105727,D
105728,C
105729,D
105730,A
105731,C
105732,C
105733,C
105734,D
105735,A
105736,B
105737,C
105738,A
105739,A
105740,A
105741,A
105742,C
105743,A
105744,C
105745,C
105746,B
105747,A
105748,D
105749,A
105750,C
105751,D
105752,C
105753,A
105754,A
105755,D
105756,B
105757,C
105758,B
105759,A
105760,A
105761,B
105762,A
105763,B
105764,C
105765,B
105766,A
105767,D
105768,D
105769,A
105770,A
105771,D
105772,C
105773,A
105774,D
105775,B
105776,A
105777,B
105778,C
105779,A
105780,B
105781,C
105782,B
105783,A
105784,D
105785,D
105786,C
105787,C
105788,A
105789,C
105790,D
105791,C
105792,C
105793,B
105794,D
105795,A
105796,C
105797,D
105798,C
105799,C
105800,C
105801,A
105802,A
105803,C
105804,C
105805,D
105806,B
105807,A
105808,A
105809,C
105810,D
105811,D
105812,B
105813,A
105814,B
105815,B
105816,B
105817,B
105818,A
105819,D
105820,D
105821,D
105822,D
105823,D
105824,B
105825,D
105826,A
105827,D
105828,D
105829,D
105830,A
105831,A
105832,C
105833,A
105834,B
105835,D
105836,D
105837,C
105838,B
105839,D
105840,C
105841,B
105842,C
105843,A
105844,A
105845,D
105846,C
105847,D
105848,A
105849,A
105850,A
105851,C
105852,A
105853,D
105854,C
105855,C
105856,C
105857,C
105858,D
105859,C
105860,C
105861,A
105862,A
105863,C
105864,B
105865,B
105866,D
105867,C
105868,D
105869,C
105870,C
105871,D
105872,C
105873,B
105874,C
105875,B
105876,D
105877,D
105878,C
105879,B
105880,C
105881,B
105882,D
105883,D
105884,B
105885,D
105886,A
105887,C
105888,C
105889,B
105890,B
105891,D
105892,A
105893,D
105894,C
105895,A
105896,B
105897,D
105898,D
105899,A
105900,C
105901,B
105902,B
105903,D
105904,B
105905,D
105906,C
105907,B
105908,D
105909,D
105910,C
105911,C
105912,B
105913,D
105914,A
105915,D
105916,B
105917,D
105918,B
105919,D
105920,C
105921,C
105922,A
105923,D
105924,C
105925,A
105926,B
105927,C
105928,A
105929,D
105930,D
105931,B
105932,A
105933,A
105934,D
105935,A
105936,C
105937,C
105938,A
105939,C
105940,D
105941,B
105942,D
105943,C
105944,A
105945,B
105946,D
105947,B
105948,D
105949,C
105950,D
105951,D
105952,D
105953,C
105954,D
105955,B
105956,A
105957,C
105958,B
105959,C
105960,C
105961,A
105962,B
105963,C
105964,A
105965,D
105966,B
105967,B
105968,A
105969,A
105970,A
105971,B
105972,C
105973,B
105974,B
105975,A
105976,B
105977,D
105978,C
105979,C
105980,A
105981,B
105982,A
105983,D
105984,C
105985,B
105986,B
105987,B
105988,B
105989,A
105990,C
105991,A
105992,C
105993,C
105994,D
105995,D
105996,A
105997,B
105998,A
105999,B
106000,C
106001,C
106002,D
106003,C
106004,C
106005,B
106006,C
106007,B
106008,B
106009,C
106010,A
106011,C
106012,D
106013,B
106014,B
106015,A
106016,A
106017,D
106018,D
106019,C
106020,A
106021,B
106022,A
106023,A
106024,C
106025,A
106026,C
106027,D
106028,A
106029,D
106030,A
106031,A
106032,A
106033,C
106034,A
106035,B
106036,B
106037,D
106038,D
106039,C
106040,C
106041,D
106042,A
106043,A
106044,C
106045,D
106046,C
106047,D
106048,D
106049,D
106050,B
106051,C
106052,B
106053,B
106054,A
106055,B
106056,C
106057,D
106058,A
106059,C
106060,B
106061,A
106062,D
106063,A
106064,C
106065,C
106066,D
106067,D
106068,D
106069,B
106070,C
106071,D
106072,A
106073,B
106074,D
106075,A
106076,A
106077,B
106078,A
106079,A
106080,A
106081,C
106082,B
106083,C
106084,C
106085,C
106086,D
106087,C
106088,C
106089,D
106090,C
106091,D
106092,A
106093,C
106094,C
106095,B
106096,B
106097,C
106098,D
106099,D
106100,B
106101,B
106102,D
106103,D
106104,C
106105,A
106106,B
106107,C
106108,D
106109,C
106110,A
106111,A
106112,C
106113,C
106114,B
106115,D
106116,A
106117,C
106118,C
106119,A
106120,D
106121,C
106122,A
106123,A
106124,B
106125,A
106126,B
106127,C
106128,C
106129,C
106130,B
106131,C
106132,B
106133,B
106134,D
106135,C
106136,D
106137,B
106138,B
106139,D
106140,A
106141,D
106142,A
106143,B
106144,B
106145,B
106146,D
106147,D
106148,D
106149,D
106150,A
106151,A
106152,A
106153,C
106154,C
106155,C
106156,A
106157,C
106158,B
106159,B
106160,D
106161,B
106162,A
106163,A
106164,C
106165,B
106166,B
106167,D
106168,B
106169,D
106170,A
106171,A
106172,D
106173,A
106174,A
106175,D
106176,C
106177,C
106178,D
106179,D
106180,C
106181,D
106182,D
106183,D
106184,D
106185,C
106186,A
106187,D
106188,C
106189,B
106190,D
106191,B
106192,A
106193,B
106194,A
106195,C
106196,A
106197,C
106198,B
106199,D
106200,B
106201,B
106202,D
106203,C
106204,C
106205,B
106206,B
106207,A
106208,A
106209,A
106210,D
106211,B
106212,D
106213,C
106214,C
106215,B
106216,A
106217,D
106218,C
106219,A
106220,D
106221,D
106222,C
106223,B
106224,A
106225,C
106226,C
106227,B
106228,C
106229,B
106230,A
106231,D
106232,C
106233,A
106234,D
106235,B
106236,B
106237,A
106238,A
106239,B
106240,C
106241,A
106242,A
106243,B
106244,A
106245,D
106246,B
106247,C
106248,C
106249,C
106250,D
106251,D
106252,A
106253,A
106254,A
106255,D
106256,A
106257,A
106258,C
106259,B
106260,D
106261,B
106262,D
106263,B
106264,A
106265,D
106266,D
106267,D
106268,A
106269,A
106270,D
106271,C
106272,D
106273,D
106274,C
106275,B
106276,A
106277,B
106278,C
106279,C
106280,C
106281,C
106282,A
106283,B
106284,C
106285,D
106286,C
106287,A
106288,B
106289,A
106290,B
106291,B
106292,B
106293,C
106294,C
106295,A
106296,C
106297,D
106298,C
106299,B
106300,B
106301,D
106302,B
106303,C
106304,A
106305,C
106306,C
106307,C
106308,A
106309,A
106310,C
106311,B
106312,B
106313,B
106314,D
106315,A
106316,C
106317,A
106318,D
106319,B
106320,A
106321,C
106322,D
106323,A
106324,C
106325,A
106326,C
106327,C
106328,D
106329,B
106330,A
106331,A
106332,C
106333,D
106334,B
106335,A
106336,D
106337,C
106338,C
106339,A
106340,C
106341,C
106342,D
106343,A
106344,C
106345,A
106346,A
106347,D
106348,A
106349,D
106350,C
106351,D
106352,C
106353,D
106354,B
106355,B
106356,A
106357,C
106358,C
106359,B
106360,D
106361,D
106362,D
106363,A
106364,D
106365,D
106366,A
106367,D
106368,B
106369,A
106370,C
106371,C
106372,B
106373,B
106374,C
106375,D
106376,B
106377,A
106378,B
106379,C
106380,D
106381,B
106382,B
106383,C
106384,A
106385,B
106386,D
106387,B
106388,A
106389,D
106390,A
106391,D
106392,C
106393,B
106394,A
106395,C
106396,C
106397,D
106398,A
106399,B
106400,B
106401,C
106402,C
106403,B
106404,A
106405,C
106406,D
106407,C
106408,B
106409,D
106410,D
106411,D
106412,D
106413,C
106414,D
106415,D
106416,C
106417,C
106418,B
106419,C
106420,A
106421,D
106422,B
106423,D
106424,B
106425,C
106426,A
106427,C
106428,B
106429,D
106430,A
106431,A
106432,A
106433,C
106434,B
106435,C
106436,C
106437,D
106438,C
106439,B
106440,B
106441,A
106442,D
106443,B
106444,D
106445,A
106446,C
106447,D
106448,D
106449,B
106450,A
106451,A
106452,B
106453,C
106454,D
106455,A
106456,A
106457,B
106458,B
106459,D
106460,A
106461,B
106462,A
106463,B
106464,C
106465,D
106466,C
106467,A
106468,B
106469,A
106470,C
106471,D
106472,B
106473,C
106474,C
106475,A
106476,D
106477,C
106478,D
106479,C
106480,D
106481,B
106482,A
106483,C
106484,D
106485,B
106486,D
106487,C
106488,D
106489,A
106490,A
106491,A
106492,A
106493,B
106494,B
106495,D
106496,D
106497,D
106498,D
106499,A
106500,D
106501,A
106502,A
106503,A
106504,A
106505,B
106506,B
106507,A
106508,B
106509,D
106510,B
106511,A
106512,A
106513,A
106514,B
106515,D
106516,B
106517,C
106518,C
106519,A
106520,D
106521,D
106522,A
106523,A
106524,D
106525,D
106526,B
106527,A
106528,B
106529,C
106530,A
106531,A
106532,A
106533,B
106534,A
106535,C
106536,C
106537,B
106538,D
106539,A
106540,A
106541,D
106542,B
106543,B
106544,C
106545,B
106546,C
106547,C
106548,C
106549,B
106550,A
106551,D
106552,A
106553,D
106554,C
106555,D
106556,C
106557,D
106558,A
106559,B
106560,D
106561,C
106562,D
106563,D
106564,D
106565,D
106566,B
106567,B
106568,D
106569,A
106570,C
106571,B
106572,C
106573,D
106574,A
106575,D
106576,D
106577,B
106578,D
106579,C
106580,D
106581,B
106582,A
106583,C
106584,A
106585,B
106586,D
106587,C
106588,A
106589,B
106590,C
106591,D
106592,B
106593,C
106594,D
106595,D
106596,B
106597,D
106598,B
106599,C
106600,C
106601,C
106602,C
106603,A
106604,C
106605,D
106606,A
106607,D
106608,B
106609,B
106610,D
106611,C
106612,A
106613,C
106614,B
106615,D
106616,C
106617,B
106618,A
106619,A
106620,C
106621,A
106622,D
106623,D
106624,A
106625,A
106626,D
106627,C
106628,C
106629,B
106630,A
106631,C
106632,D
106633,D
106634,A
106635,C
106636,C
106637,B
106638,C
106639,B
106640,B
106641,D
106642,D
106643,C
106644,A
106645,C
106646,C
106647,D
106648,B
106649,A
106650,D
106651,D
106652,B
106653,D
106654,D
106655,A
106656,C
106657,D
106658,B
106659,A
106660,D
106661,C
106662,A
106663,B
106664,B
106665,D
106666,B
106667,B
106668,C
106669,D
106670,C
106671,B
106672,A
106673,D
106674,D
106675,D
106676,B
106677,C
106678,B
106679,D
106680,B
106681,A
106682,D
106683,C
106684,A
106685,A
106686,D
106687,B
106688,A
106689,A
106690,C
106691,A
106692,A
106693,D
106694,B
106695,A
106696,D
106697,B
106698,D
106699,D
106700,B
106701,D
106702,B
106703,B
106704,B
106705,C
106706,D
106707,D
106708,D
106709,D
106710,D
106711,C
106712,D
106713,B
106714,A
106715,D
106716,B
106717,A
106718,B
106719,D
106720,A
106721,A
106722,B
106723,D
106724,D
106725,D
106726,A
106727,B
106728,C
106729,B
106730,D
106731,A
106732,C
106733,A
106734,D
106735,A
106736,B
106737,B
106738,A
106739,C
106740,D
106741,D
106742,A
106743,D
106744,A
106745,A
106746,C
106747,A
106748,A
106749,A
106750,C
106751,C
106752,C
106753,D
106754,A
106755,C
106756,B
106757,D
106758,B
106759,C
106760,B
106761,D
106762,A
106763,C
106764,A
106765,D
106766,D
106767,C
106768,D
106769,A
106770,A
106771,C
106772,D
106773,A
106774,B
106775,B
106776,B
106777,B
106778,B
106779,B
106780,B
106781,B
106782,A
106783,A
106784,D
106785,A
106786,D
106787,A
106788,D
106789,B
106790,B
106791,C
106792,D
106793,D
106794,C
106795,B
106796,D
106797,A
106798,B
106799,A
106800,C
106801,D
106802,B
106803,D
106804,C
106805,D
106806,C
106807,B
106808,A
106809,B
106810,A
106811,B
106812,D
106813,D
106814,C
106815,A
106816,A
106817,C
106818,D
106819,A
106820,B
106821,D
106822,A
106823,C
106824,A
106825,B
106826,D
106827,B
106828,A
106829,B
106830,A
106831,B
106832,A
106833,C
106834,C
106835,C
106836,D
106837,C
106838,D
106839,C
106840,C
106841,C
106842,C
106843,B
106844,C
106845,D
106846,D
106847,B
106848,D
106849,B
106850,B
106851,C
106852,B
106853,B
106854,A
106855,A
106856,C
106857,B
106858,A
106859,C
106860,B
106861,D
106862,C
106863,A
106864,B
106865,A
106866,D
106867,B
106868,C
106869,B
106870,D
106871,D
106872,C
106873,C
106874,B
106875,A
106876,C
106877,C
106878,B
106879,A
106880,B
106881,D
106882,B
106883,D
106884,A
106885,A
106886,C
106887,A
106888,D
106889,C
106890,D
106891,A
106892,C
106893,D
106894,D
106895,D
106896,B
106897,C
106898,C
106899,C
106900,C
106901,C
106902,D
106903,C
106904,C
106905,D
106906,B
106907,D
106908,D
106909,B
106910,A
106911,C
106912,B
106913,A
106914,D
106915,C
106916,D
106917,D
106918,B
106919,B
106920,D
106921,A
106922,D
106923,B
106924,C
106925,B
106926,A
106927,B
106928,A
106929,A
106930,D
106931,C
106932,C
106933,B
106934,A
106935,D
106936,B
106937,B
106938,A
106939,D
106940,B
106941,C
106942,C
106943,B
106944,C
106945,D
106946,C
106947,C
106948,A
106949,A
106950,C
106951,B
106952,C
106953,D
106954,C
106955,A
106956,C
106957,A
106958,C
106959,B
106960,C
106961,D
106962,D
106963,A
106964,B
106965,A
106966,C
106967,D
106968,C
106969,C
106970,C
106971,D
106972,B
106973,B
106974,A
106975,C
106976,C
106977,A
106978,D
106979,D
106980,C
106981,D
106982,A
106983,A
106984,A
106985,C
106986,D
106987,D
106988,A
106989,B
106990,D
106991,D
106992,D
106993,D
106994,B
106995,D
106996,C
106997,C
106998,C
106999,C
107000,A
107001,C
107002,A
107003,B
107004,D
107005,C
107006,D
107007,A
107008,B
107009,B
107010,B
107011,A
107012,B
107013,B
107014,D
107015,C
107016,A
107017,C
107018,D
107019,D
107020,C
107021,D
107022,D
107023,A
107024,A
107025,C
107026,B
107027,C
107028,B
107029,A
107030,C
107031,C
107032,C
107033,C
107034,B
107035,B
107036,A
107037,A
107038,D
107039,C
107040,C
107041,B
107042,A
107043,A
107044,A
107045,D
107046,B
107047,C
107048,C
107049,D
107050,C
107051,B
107052,A
107053,A
107054,D
107055,B
107056,A
107057,C
107058,C
107059,A
107060,D
107061,D
107062,B
107063,C
107064,D
107065,D
107066,A
107067,B
107068,C
107069,D
107070,D
107071,B
107072,B
107073,A
107074,A
107075,D
107076,D
107077,C
107078,D
107079,C
107080,C
107081,C
107082,D
107083,C
107084,C
107085,D
107086,C
107087,C
107088,C
107089,A
107090,D
107091,B
107092,A
107093,C
107094,A
107095,A
107096,D
107097,A
107098,B
107099,C
107100,B
107101,B
107102,C
107103,D
107104,C
107105,D
107106,A
107107,B
107108,A
107109,A
107110,B
107111,D
107112,D
107113,B
107114,D
107115,A
107116,A
107117,A
107118,D
107119,B
107120,C
107121,A
107122,B
107123,A
107124,B
107125,B
107126,B
107127,C
107128,A
107129,C
107130,D
107131,D
107132,A
107133,C
107134,B
107135,C
107136,D
107137,A
107138,C
107139,B
107140,A
107141,C
107142,B
107143,A
107144,D
107145,D
107146,D
107147,B
107148,D
107149,A
107150,C
107151,C
107152,B
107153,A
107154,D
107155,C
107156,A
107157,A
107158,B
107159,B
107160,C
107161,B
107162,B
107163,C
107164,A
107165,C
107166,B
107167,B
107168,A
107169,C
107170,A
107171,D
107172,B
107173,B
107174,C
107175,B
107176,D
107177,D
107178,C
107179,D
107180,C
107181,A
107182,B
107183,C
107184,A
107185,A
107186,B
107187,C
107188,A
107189,B
107190,A
107191,A
107192,C
107193,C
107194,A
107195,C
107196,D
107197,B
107198,A
107199,D
107200,D
107201,C
107202,A
107203,C
107204,C
107205,B
107206,C
107207,C
107208,C
107209,C
107210,A
107211,B
107212,C
107213,B
107214,B
107215,B
107216,A
107217,A
107218,B
107219,B
107220,C
107221,B
107222,B
107223,C
107224,B
107225,C
107226,A
107227,C
107228,A
107229,C
107230,B
107231,C
107232,B
107233,C
107234,A
107235,A
107236,B
107237,A
107238,B
107239,A
107240,C
107241,A
107242,D
107243,B
107244,D
107245,B
107246,C
107247,A
107248,D
107249,B
107250,A
107251,D
107252,B
107253,C
107254,B
107255,B
107256,A
107257,B
107258,D
107259,C
107260,A
107261,B
107262,D
107263,B
107264,B
107265,B
107266,A
107267,D
107268,C
107269,A
107270,B
107271,A
107272,C
107273,A
107274,A
107275,B
107276,A
107277,C
107278,C
107279,B
107280,B
107281,B
107282,B
107283,B
107284,B
107285,D
107286,D
107287,C
107288,D
107289,C
107290,A
107291,C
107292,D
107293,B
107294,C
107295,C
107296,D
107297,A
107298,B
107299,A
107300,B
107301,D
107302,C
107303,D
107304,B
107305,B
107306,C
107307,B
107308,C
107309,C
107310,D
107311,B
107312,A
107313,A
107314,C
107315,D
107316,D
107317,A
107318,A
107319,A
107320,C
107321,D
107322,A
107323,B
107324,B
107325,D
107326,A
107327,D
107328,A
107329,D
107330,A
107331,D
107332,B
107333,B
107334,C
107335,C
107336,A
107337,B
107338,B
107339,A
107340,C
107341,B
107342,A
107343,C
107344,C
107345,C
107346,B
107347,C
107348,A
107349,D
107350,A
107351,D
107352,C
107353,D
107354,C
107355,A
107356,D
107357,A
107358,C
107359,C
107360,D
107361,A
107362,B
107363,A
107364,A
107365,B
107366,A
107367,D
107368,A
107369,A
107370,B
107371,B
107372,B
107373,B
107374,A
107375,D
107376,A
107377,D
107378,A
107379,B
107380,A
107381,C
107382,D
107383,D
107384,C
107385,B
107386,B
107387,B
107388,B
107389,B
107390,C
107391,A
107392,D
107393,B
107394,D
107395,C
107396,C
107397,A
107398,C
107399,A
107400,A
107401,D
107402,D
107403,D
107404,D
107405,B
107406,B
107407,C
107408,C
107409,D
107410,A
107411,A
107412,C
107413,C
107414,D
107415,D
107416,D
107417,D
107418,D
107419,A
107420,C
107421,C
107422,A
107423,B
107424,B
107425,D
107426,B
107427,B
107428,D
107429,C
107430,C
107431,A
107432,D
107433,B
107434,D
107435,B
107436,A
107437,C
107438,A
107439,B
107440,C
107441,B
107442,A
107443,A
107444,D
107445,D
107446,D
107447,B
107448,A
107449,D
107450,D
107451,A
107452,C
107453,A
107454,D
107455,B
107456,D
107457,D
107458,D
107459,A
107460,C
107461,A
107462,D
107463,C
107464,D
107465,A
107466,A
107467,A
107468,D
107469,A
107470,A
107471,A
107472,D
107473,C
107474,A
107475,C
107476,A
107477,A
107478,A
107479,D
107480,A
107481,C
107482,B
107483,C
107484,A
107485,C
107486,B
107487,D
107488,C
107489,B
107490,C
107491,A
107492,B
107493,A
107494,C
107495,C
107496,D
107497,D
107498,C
107499,B
107500,C
107501,C
107502,A
107503,B
107504,D
107505,A
107506,B
107507,A
107508,D
107509,A
107510,D
107511,B
107512,A
107513,A
107514,A
107515,C
107516,B
107517,A
107518,A
107519,A
107520,C
107521,A
107522,D
107523,C
107524,B
107525,C
107526,B
107527,B
107528,C
107529,D
107530,B
107531,A
107532,B
107533,A
107534,A
107535,A
107536,A
107537,D
107538,D
107539,D
107540,A
107541,D
107542,D
107543,D
107544,D
107545,D
107546,C
107547,A
107548,C
107549,C
107550,A
107551,C
107552,B
107553,B
107554,A
107555,C
107556,C
107557,D
107558,A
107559,D
107560,C
107561,A
107562,D
107563,C
107564,C
107565,A
107566,D
107567,A
107568,B
107569,D
107570,A
107571,D
107572,B
107573,C
107574,A
107575,C
107576,A
107577,B
107578,A
107579,B
107580,C
107581,D
107582,A
107583,A
107584,A
107585,C
107586,A
107587,D
107588,B
107589,C
107590,C
107591,D
107592,A
107593,D
107594,D
107595,C
107596,B
107597,A
107598,B
107599,A
107600,A
107601,B
107602,B
107603,C
107604,B
107605,D
107606,C
107607,A
107608,D
107609,A
107610,D
107611,D
107612,B
107613,B
107614,C
107615,B
107616,D
107617,D
107618,A
107619,D
107620,B
107621,A
107622,D
107623,B
107624,D
107625,B
107626,B
107627,A
107628,B
107629,A
107630,B
107631,D
107632,D
107633,A
107634,B
107635,A
107636,C
107637,B
107638,B
107639,D
107640,C
107641,D
107642,C
107643,B
107644,D
107645,C
107646,B
107647,A
107648,C
107649,D
107650,C
107651,C
107652,D
107653,C
107654,A
107655,C
107656,B
107657,B
107658,B
107659,D
107660,D
107661,C
107662,C
107663,A
107664,B
107665,A
107666,A
107667,B
107668,A
107669,B
107670,C
107671,B
107672,B
107673,C
107674,B
107675,C
107676,C
107677,D
107678,A
107679,C
107680,D
107681,C
107682,B
107683,D
107684,D
107685,B
107686,C
107687,C
107688,D
107689,C
107690,D
107691,A
107692,D
107693,A
107694,A
107695,D
107696,C
107697,D
107698,C
107699,D
107700,C
107701,D
107702,A
107703,A
107704,D
107705,A
107706,A
107707,C
107708,B
107709,D
107710,D
107711,C
107712,B
107713,C
107714,D
107715,D
107716,B
107717,D
107718,B
107719,A
107720,A
107721,D
107722,A
107723,C
107724,B
107725,B
107726,D
107727,B
107728,D
107729,A
107730,D
107731,C
107732,A
107733,C
107734,D
107735,B
107736,D
107737,B
107738,B
107739,B
107740,B
107741,C
107742,D
107743,C
107744,A
107745,D
107746,A
107747,A
107748,D
107749,D
107750,D
107751,B
107752,C
107753,A
107754,C
107755,B
107756,B
107757,B
107758,D
107759,A
107760,D
107761,A
107762,C
107763,D
107764,D
107765,C
107766,B
107767,B
107768,D
107769,C
107770,C
107771,B
107772,B
107773,C
107774,D
107775,A
107776,A
107777,C
107778,B
107779,C
107780,C
107781,C
107782,D
107783,D
107784,A
107785,B
107786,C
107787,B
107788,D
107789,C
107790,A
107791,A
107792,C
107793,D
107794,A
107795,B
107796,C
107797,B
107798,C
107799,B
107800,B
107801,B
107802,C
107803,C
107804,B
107805,B
107806,A
107807,D
107808,D
107809,C
107810,C
107811,A
107812,B
107813,C
107814,A
107815,B
107816,B
107817,B
107818,A
107819,B
107820,A
107821,A
107822,D
107823,B
107824,A
107825,A
107826,D
107827,D
107828,C
107829,A
107830,D
107831,D
107832,A
107833,A
107834,A
107835,B
107836,C
107837,A
107838,A
107839,D
107840,B
107841,D
107842,D
107843,A
107844,B
107845,A
107846,D
107847,A
107848,B
107849,D
107850,D
107851,B
107852,A
107853,B
107854,A
107855,A
107856,A
107857,A
107858,D
107859,C
107860,A
107861,B
107862,A
107863,A
107864,A
107865,C
107866,C
107867,C
107868,A
107869,C
107870,D
107871,B
107872,D
107873,A
107874,B
107875,D
107876,C
107877,D
107878,C
107879,D
107880,A
107881,B
107882,D
107883,C
107884,B
107885,B
107886,C
107887,B
107888,C
107889,C
107890,B
107891,C
107892,B
107893,C
107894,A
107895,D
107896,C
107897,C
107898,D
107899,A
107900,C
107901,C
107902,A
107903,C
107904,A
107905,A
107906,A
107907,C
107908,B
107909,C
107910,D
107911,A
107912,C
107913,A
107914,C
107915,C
107916,D
107917,D
107918,A
107919,B
107920,B
107921,C
107922,A
107923,D
107924,C
107925,C
107926,D
107927,A
107928,D
107929,B
107930,D
107931,B
107932,B
107933,A
107934,B
107935,B
107936,D
107937,B
107938,C
107939,A
107940,A
107941,C
107942,C
107943,D
107944,A
107945,C
107946,A
107947,C
107948,A
107949,C
107950,D
107951,C
107952,C
107953,C
107954,A
107955,A
107956,C
107957,A
107958,B
107959,C
107960,B
107961,D
107962,A
107963,C
107964,D
107965,D
107966,A
107967,A
107968,C
107969,D
107970,A
107971,B
107972,C
107973,A
107974,A
107975,D
107976,C
107977,D
107978,B
107979,D
107980,B
107981,B
107982,D
107983,B
107984,C
107985,D
107986,A
107987,A
107988,A
107989,C
107990,D
107991,B
107992,D
107993,B
107994,A
107995,C
107996,B
107997,D
107998,D
107999,A
108000,B
108001,A
108002,B
108003,A
108004,B
108005,D
108006,A
108007,C
108008,C
108009,B
108010,A
108011,D
108012,D
108013,C
108014,C
108015,D
108016,C
108017,D
108018,C
108019,D
108020,C
108021,A
108022,C
108023,C
108024,D
108025,D
108026,D
108027,B
108028,C
108029,C
108030,B
108031,C
108032,D
108033,C
108034,C
108035,C
108036,B
108037,A
108038,B
108039,B
108040,A
108041,A
108042,B
108043,B
108044,C
108045,C
108046,D
108047,D
108048,D
108049,B
108050,A
108051,D
108052,C
108053,D
108054,A
108055,B
108056,D
108057,B
108058,A
108059,B
108060,A
108061,C
108062,A
108063,D
108064,A
108065,C
108066,B
108067,C
108068,B
108069,C
108070,A
108071,B
108072,D
108073,B
108074,D
108075,A
108076,C
108077,B
108078,A
108079,B
108080,C
108081,D
108082,A
108083,D
108084,D
108085,A
108086,A
108087,C
108088,B
108089,C
108090,C
108091,B
108092,A
108093,A
108094,D
108095,D
108096,D
108097,C
108098,B
108099,A
108100,D
108101,A
108102,B
108103,D
108104,D
108105,C
108106,B
108107,A
108108,A
108109,A
108110,B
108111,C
108112,D
108113,A
108114,C
108115,A
108116,B
108117,B
108118,A
108119,D
108120,A
108121,A
108122,C
108123,A
108124,A
108125,C
108126,C
108127,D
108128,C
108129,D
108130,D
108131,D
108132,D
108133,C
108134,C
108135,A
108136,A
108137,A
108138,D
108139,A
108140,D
108141,B
108142,A
108143,C
108144,A
108145,C
108146,C
108147,C
108148,C
108149,A
108150,A
108151,D
108152,B
108153,C
108154,B
108155,D
108156,B
108157,C
108158,A
108159,B
108160,C
108161,D
108162,D
108163,A
108164,B
108165,B
108166,D
108167,D
108168,A
108169,C
108170,B
108171,A
108172,A
108173,B
108174,C
108175,A
108176,D
108177,D
108178,D
108179,C
108180,B
108181,C
108182,C
108183,C
108184,D
108185,A
108186,A
108187,A
108188,B
108189,A
108190,C
108191,D
108192,B
108193,B
108194,C
108195,D
108196,B
108197,D
108198,B
108199,A
108200,A
108201,D
108202,C
108203,A
108204,D
108205,B
108206,C
108207,C
108208,A
108209,B
108210,B
108211,A
108212,D
108213,B
108214,C
108215,A
108216,C
108217,D
108218,D
108219,D
108220,C
108221,A
108222,A
108223,C
108224,D
108225,A
108226,B
108227,B
108228,C
108229,C
108230,B
108231,B
108232,D
108233,B
108234,B
108235,B
108236,C
108237,B
108238,D
108239,D
108240,C
108241,B
108242,C
108243,A
108244,A
108245,D
108246,D
108247,B
108248,B
108249,C
108250,B
108251,B
108252,D
108253,C
108254,C
108255,B
108256,A
108257,C
108258,B
108259,D
108260,C
108261,B
108262,C
108263,B
108264,C
108265,C
108266,B
108267,B
108268,A
108269,C
108270,D
108271,B
108272,D
108273,B
108274,B
108275,D
108276,D
108277,D
108278,A
108279,C
108280,A
108281,B
108282,B
108283,C
108284,D
108285,A
108286,D
108287,D
108288,A
108289,D
108290,B
108291,C
108292,B
108293,D
108294,D
108295,D
108296,D
108297,D
108298,A
108299,D
108300,B
108301,B
108302,A
108303,A
108304,D
108305,A
108306,D
108307,B
108308,B
108309,A
108310,A
108311,B
108312,C
108313,D
108314,C
108315,A
108316,B
108317,C
108318,C
108319,B
108320,B
108321,B
108322,B
108323,A
108324,A
108325,D
108326,C
108327,B
108328,A
108329,C
108330,A
108331,D
108332,A
108333,C
108334,B
108335,B
108336,D
108337,A
108338,B
108339,B
108340,C
108341,C
108342,D
108343,D
108344,D
108345,C
108346,C
108347,D
108348,A
108349,A
108350,C
108351,C
108352,C
108353,D
108354,C
108355,B
108356,D
108357,D
108358,D
108359,A
108360,A
108361,C
108362,D
108363,A
108364,D
108365,B
108366,B
108367,C
108368,C
108369,D
108370,B
108371,B
108372,C
108373,B
108374,B
108375,B
108376,D
108377,D
108378,B
108379,C
108380,C
108381,C
108382,C
108383,A
108384,A
108385,A
108386,B
108387,C
108388,D
108389,D
108390,B
108391,C
108392,D
108393,C
108394,B
108395,B
108396,C
108397,C
108398,A
108399,A
108400,D
108401,C
108402,C
108403,B
108404,B
108405,C
108406,B
108407,C
108408,C
108409,D
108410,B
108411,C
108412,A
108413,D
108414,A
108415,A
108416,B
108417,A
108418,C
108419,B
108420,D
108421,C
108422,C
108423,A
108424,B
108425,B
108426,A
108427,B
108428,D
108429,D
108430,D
108431,A
108432,A
108433,B
108434,A
108435,A
108436,D
108437,D
108438,B
108439,B
108440,A
108441,A
108442,A
108443,C
108444,A
108445,B
108446,D
108447,D
108448,B
108449,A
108450,C
108451,D
108452,A
108453,A
108454,D
108455,B
108456,D
108457,B
108458,C
108459,A
108460,B
108461,C
108462,B
108463,D
108464,C
108465,B
108466,D
108467,D
108468,A
108469,C
108470,D
108471,C
108472,C
108473,C
108474,A
108475,C
108476,D
108477,A
108478,A
108479,B
108480,D
108481,B
108482,D
108483,B
108484,D
108485,C
108486,D
108487,A
108488,D
108489,D
108490,A
108491,B
108492,D
108493,B
108494,C
108495,A
108496,A
108497,C
108498,D
108499,C
108500,A
108501,B
108502,C
108503,A
108504,C
108505,D
108506,A
108507,A
108508,D
108509,B
108510,B
108511,B
108512,D
108513,D
108514,B
108515,C
108516,D
108517,A
108518,B
108519,B
108520,B
108521,B
108522,A
108523,C
108524,A
108525,D
108526,D
108527,A
108528,D
108529,C
108530,A
108531,C
108532,C
108533,A
108534,A
108535,D
108536,C
108537,B
108538,A
108539,B
108540,A
108541,A
108542,C
108543,B
108544,B
108545,C
108546,C
108547,A
108548,D
108549,A
108550,A
108551,A
108552,C
108553,B
108554,A
108555,B
108556,B
108557,A
108558,B
108559,B
108560,C
108561,B
108562,A
108563,C
108564,B
108565,B
108566,A
108567,C
108568,C
108569,C
108570,C
108571,A
108572,D
108573,C
108574,C
108575,A
108576,B
108577,D
108578,B
108579,D
108580,D
108581,B
108582,C
108583,C
108584,D
108585,A
108586,C
108587,D
108588,B
108589,B
108590,B
108591,B
108592,D
108593,C
108594,A
108595,C
108596,C
108597,B
108598,A
108599,D
108600,A
108601,A
108602,A
108603,C
108604,A
108605,B
108606,B
108607,A
108608,D
108609,C
108610,B
108611,B
108612,D
108613,B
108614,C
108615,C
108616,C
108617,B
108618,A
108619,C
108620,A
108621,C
108622,D
108623,A
108624,B
108625,B
108626,B
108627,D
108628,C
108629,C
108630,A
108631,B
108632,D
108633,C
108634,B
108635,C
108636,B
108637,B
108638,C
108639,C
108640,C
108641,D
108642,D
108643,A
108644,A
108645,D
108646,B
108647,D
108648,C
108649,A
108650,B
108651,B
108652,D
108653,A
108654,B
108655,A
108656,A
108657,C
108658,B
108659,B
108660,D
108661,B
108662,D
108663,B
108664,A
108665,D
108666,C
108667,C
108668,B
108669,B
108670,B
108671,D
108672,A
108673,B
108674,B
108675,C
108676,B
108677,A
108678,D
108679,B
108680,D
108681,D
108682,A
108683,A
108684,B
108685,D
108686,A
108687,D
108688,A
108689,A
108690,B
108691,B
108692,C
108693,C
108694,D
108695,B
108696,A
108697,D
108698,D
108699,C
108700,C
108701,C
108702,C
108703,B
108704,D
108705,B
108706,B
108707,C
108708,B
108709,A
108710,A
108711,A
108712,A
108713,B
108714,C
108715,B
108716,B
108717,A
108718,A
108719,C
108720,C
108721,D
108722,C
108723,C
108724,C
108725,A
108726,B
108727,B
108728,B
108729,A
108730,B
108731,B
108732,A
108733,C
108734,C
108735,A
108736,A
108737,C
108738,A
108739,B
108740,C
108741,B
108742,A
108743,B
108744,A
108745,C
108746,C
108747,B
108748,A
108749,C
108750,C
108751,D
108752,B
108753,A
108754,C
108755,A
108756,B
108757,B
108758,D
108759,C
108760,B
108761,A
108762,B
108763,C
108764,C
108765,C
108766,C
108767,A
108768,C
108769,B
108770,D
108771,D
108772,D
108773,B
108774,D
108775,C
108776,B
108777,A
108778,D
108779,B
108780,D
108781,B
108782,B
108783,A
108784,C
108785,B
108786,D
108787,B
108788,A
108789,D
108790,D
108791,D
108792,B
108793,C
108794,D
108795,C
108796,B
108797,C
108798,C
108799,B
108800,B
108801,A
108802,B
108803,B
108804,B
108805,C
108806,B
108807,C
108808,B
108809,A
108810,C
108811,D
108812,A
108813,A
108814,D
108815,A
108816,A
108817,D
108818,C
108819,D
108820,D
108821,C
108822,A
108823,A
108824,C
108825,B
108826,C
108827,B
108828,B
108829,D
108830,D
108831,D
108832,A
108833,C
108834,A
108835,C
108836,D
108837,C
108838,D
108839,D
108840,B
108841,C
108842,B
108843,B
108844,D
108845,B
108846,A
108847,B
108848,B
108849,C
108850,C
108851,A
108852,A
108853,B
108854,C
108855,C
108856,A
108857,B
108858,D
108859,D
108860,B
108861,B
108862,D
108863,C
108864,A
108865,B
108866,B
108867,B
108868,B
108869,C
108870,A
108871,D
108872,A
108873,D
108874,C
108875,C
108876,A
108877,D
108878,C
108879,A
108880,B
108881,C
108882,A
108883,D
108884,A
108885,B
108886,C
108887,B
108888,C
108889,B
108890,C
108891,D
108892,D
108893,B
108894,D
108895,B
108896,C
108897,D
108898,A
108899,C
108900,D
108901,A
108902,D
108903,D
108904,D
108905,D
108906,D
108907,B
108908,B
108909,B
108910,C
108911,A
108912,D
108913,A
108914,A
108915,C
108916,D
108917,C
108918,B
108919,B
108920,B
108921,D
108922,B
108923,C
108924,B
108925,B
108926,B
108927,B
108928,B
108929,C
108930,D
108931,C
108932,B
108933,B
108934,A
108935,C
108936,A
108937,C
108938,B
108939,A
108940,D
108941,D
108942,B
108943,C
108944,B
108945,B
108946,A
108947,D
108948,B
108949,D
108950,A
108951,B
108952,D
108953,B
108954,C
108955,C
108956,B
108957,B
108958,B
108959,D
108960,D
108961,B
108962,A
108963,D
108964,C
108965,C
108966,B
108967,B
108968,A
108969,B
108970,D
108971,D
108972,C
108973,A
108974,C
108975,D
108976,A
108977,D
108978,A
108979,D
108980,B
108981,A
108982,B
108983,A
108984,D
108985,B
108986,D
108987,D
108988,A
108989,C
108990,C
108991,A
108992,D
108993,B
108994,D
108995,D
108996,B
108997,B
108998,C
108999,B
109000,C
109001,D
109002,D
109003,B
109004,D
109005,A
109006,A
109007,B
109008,D
109009,C
109010,D
109011,C
109012,D
109013,C
109014,C
109015,B
109016,D
109017,D
109018,B
109019,B
109020,D
109021,A
109022,A
109023,A
109024,C
109025,A
109026,B
109027,C
109028,C
109029,C
109030,C
109031,D
109032,A
109033,A
109034,A
109035,B
109036,D
109037,C
109038,A
109039,B
109040,C
109041,B
109042,D
109043,D
109044,C
109045,D
109046,C
109047,A
109048,B
109049,A
109050,D
109051,A
109052,A
109053,D
109054,A
109055,A
109056,D
109057,D
109058,A
109059,C
109060,A
109061,C
109062,A
109063,A
109064,B
109065,B
109066,B
109067,B
109068,C
109069,D
109070,A
109071,A
109072,A
109073,A
109074,D
109075,C
109076,A
109077,B
109078,B
109079,C
109080,A
109081,A
109082,A
109083,A
109084,B
109085,D
109086,A
109087,C
109088,A
109089,D
109090,C
109091,D
109092,A
109093,C
109094,A
109095,C
109096,D
109097,A
109098,C
109099,D
109100,B
109101,A
109102,D
109103,D
109104,A
109105,A
109106,D
109107,D
109108,B
109109,C
109110,A
109111,B
109112,B
109113,B
109114,D
109115,C
109116,D
109117,B
109118,A
109119,B
109120,C
109121,B
109122,C
109123,A
109124,B
109125,D
109126,D
109127,A
109128,D
109129,B
109130,D
109131,D
109132,D
109133,D
109134,A
109135,A
109136,C
109137,B
109138,C
109139,B
109140,C
109141,B
109142,D
109143,D
109144,A
109145,D
109146,A
109147,C
109148,A
109149,A
109150,A
109151,B
109152,A
109153,A
109154,C
109155,C
109156,B
109157,D
109158,A
109159,D
109160,A
109161,D
109162,A
109163,A
109164,C
109165,D
109166,D
109167,D
109168,D
109169,C
109170,B
109171,A
109172,C
109173,C
109174,A
109175,B
109176,D
109177,A
109178,A
109179,A
109180,B
109181,C
109182,A
109183,D
109184,C
109185,C
109186,C
109187,B
109188,A
109189,A
109190,A
109191,A
109192,B
109193,C
109194,B
109195,B
109196,D
109197,C
109198,C
109199,A
109200,C
109201,C
109202,A
109203,B
109204,A
109205,B
109206,B
109207,B
109208,A
109209,A
109210,C
109211,D
109212,D
109213,A
109214,B
109215,D
109216,B
109217,B
109218,C
109219,D
109220,B
109221,B
109222,D
109223,A
109224,A
109225,A
109226,C
109227,D
109228,D
109229,D
109230,D
109231,D
109232,B
109233,C
109234,D
109235,C
109236,A
109237,D
109238,A
109239,B
109240,C
109241,D
109242,C
109243,C
109244,C
109245,D
109246,B
109247,D
109248,B
109249,B
109250,D
109251,C
109252,C
109253,B
109254,C
109255,C
109256,C
109257,D
109258,A
109259,B
109260,C
109261,A
109262,C
109263,B
109264,D
109265,D
109266,A
109267,C
109268,B
109269,D
109270,A
109271,B
109272,D
109273,C
109274,C
109275,C
109276,C
109277,C
109278,C
109279,D
109280,B
109281,A
109282,B
109283,B
109284,A
109285,D
109286,C
109287,C
109288,D
109289,B
109290,A
109291,D
109292,D
109293,A
109294,D
109295,C
109296,C
109297,D
109298,A
109299,D
109300,B
109301,D
109302,B
109303,C
109304,B
109305,A
109306,B
109307,D
109308,A
109309,D
109310,A
109311,B
109312,D
109313,D
109314,A
109315,A
109316,D
109317,A
109318,C
109319,D
109320,A
109321,B
109322,D
109323,B
109324,C
109325,D
109326,D
109327,A
109328,C
109329,B
109330,B
109331,C
109332,D
109333,D
109334,C
109335,C
109336,A
109337,A
109338,D
109339,A
109340,A
109341,C
109342,C
109343,C
109344,D
109345,D
109346,A
109347,C
109348,B
109349,B
109350,A
109351,A
109352,D
109353,A
109354,D
109355,A
109356,D
109357,B
109358,B
109359,A
109360,C
109361,D
109362,D
109363,C
109364,C
109365,C
109366,C
109367,D
109368,C
109369,C
109370,B
109371,D
109372,A
109373,C
109374,D
109375,D
109376,D
109377,D
109378,A
109379,A
109380,A
109381,D
109382,A
109383,D
109384,A
109385,D
109386,C
109387,A
109388,D
109389,C
109390,A
109391,B
109392,D
109393,C
109394,A
109395,B
109396,C
109397,C
109398,C
109399,B
109400,D
109401,C
109402,C
109403,B
109404,C
109405,D
109406,A
109407,B
109408,C
109409,B
109410,C
109411,A
109412,B
109413,C
109414,A
109415,B
109416,B
109417,A
109418,B
109419,D
109420,D
109421,C
109422,C
109423,C
109424,C
109425,C
109426,A
109427,A
109428,A
109429,B
109430,D
109431,D
109432,D
109433,D
109434,A
109435,D
109436,C
109437,D
109438,B
109439,B
109440,C
109441,C
109442,A
109443,A
109444,A
109445,B
109446,B
109447,B
109448,B
109449,C
109450,A
109451,A
109452,A
109453,A
109454,D
109455,B
109456,B
109457,B
109458,D
109459,C
109460,C
109461,B
109462,C
109463,B
109464,D
109465,B
109466,D
109467,A
109468,A
109469,B
109470,A
109471,B
109472,B
109473,A
109474,B
109475,A
109476,B
109477,C
109478,D
109479,B
109480,D
109481,B
109482,B
109483,A
109484,D
109485,D
109486,C
109487,C
109488,B
109489,A
109490,B
109491,C
109492,A
109493,B
109494,D
109495,D
109496,A
109497,A
109498,B
109499,D
109500,B
109501,A
109502,A
109503,A
109504,D
109505,C
109506,C
109507,C
109508,D
109509,C
109510,B
109511,A
109512,A
109513,B
109514,A
109515,C
109516,A
109517,B
109518,A
109519,A
109520,D
109521,B
109522,B
109523,C
109524,D
109525,B
109526,A
109527,A
109528,A
109529,B
109530,D
109531,D
109532,C
109533,A
109534,A
109535,A
109536,C
109537,D
109538,A
109539,B
109540,D
109541,D
109542,B
109543,D
109544,A
109545,C
109546,D
109547,B
109548,D
109549,D
109550,D
109551,B
109552,B
109553,B
109554,C
109555,C
109556,C
109557,B
109558,A
109559,B
109560,A
109561,B
109562,A
109563,C
109564,C
109565,A
109566,C
109567,B
109568,D
109569,A
109570,A
109571,A
109572,A
109573,A
109574,B
109575,D
109576,A
109577,B
109578,B
109579,A
109580,D
109581,A
109582,B
109583,B
109584,D
109585,A
109586,A
109587,D
109588,B
109589,B
109590,C
109591,A
109592,A
109593,D
109594,C
109595,A
109596,B
109597,B
109598,A
109599,D
109600,D
109601,D
109602,D
109603,C
109604,A
109605,B
109606,B
109607,D
109608,A
109609,A
109610,B
109611,B
109612,A
109613,D
109614,B
109615,B
109616,D
109617,B
109618,A
109619,A
109620,C
109621,C
109622,C
109623,A
109624,D
109625,A
109626,A
109627,D
109628,D
109629,B
109630,C
109631,D
109632,D
109633,D
109634,D
109635,C
109636,A
109637,D
109638,C
109639,D
109640,A
109641,B
109642,A
109643,D
109644,B
109645,B
109646,C
109647,C
109648,C
109649,B
109650,A
109651,D
109652,C
109653,B
109654,C
109655,C
109656,D
109657,A
109658,C
109659,D
109660,C
109661,B
109662,A
109663,A
109664,C
109665,C
109666,A
109667,B
109668,D
109669,C
109670,A
109671,D
109672,C
109673,B
109674,D
109675,B
109676,B
109677,A
109678,B
109679,C
109680,A
109681,B
109682,C
109683,C
109684,C
109685,D
109686,A
109687,C
109688,D
109689,A
109690,D
109691,A
109692,C
109693,D
109694,B
109695,B
109696,B
109697,C
109698,B
109699,D
109700,C
109701,C
109702,C
109703,B
109704,D
109705,A
109706,B
109707,B
109708,A
109709,A
109710,B
109711,A
109712,A
109713,B
109714,B
109715,A
109716,B
109717,C
109718,A
109719,C
109720,C
109721,A
109722,A
109723,C
109724,A
109725,D
109726,A
109727,B
109728,A
109729,C
109730,D
109731,C
109732,A
109733,C
109734,C
109735,A
109736,C
109737,D
109738,A
109739,B
109740,C
109741,D
109742,A
109743,A
109744,C
109745,C
109746,B
109747,A
109748,B
109749,D
109750,C
109751,A
109752,B
109753,D
109754,B
109755,B
109756,D
109757,A
109758,B
109759,B
109760,A
109761,A
109762,D
109763,D
109764,A
109765,D
109766,B
109767,D
109768,D
109769,A
109770,A
109771,B
109772,A
109773,C
109774,C
109775,B
109776,C
109777,B
109778,B
109779,D
109780,B
109781,B
109782,A
109783,B
109784,A
109785,B
109786,B
109787,B
109788,B
109789,B
109790,A
109791,D
109792,D
109793,D
109794,D
109795,B
109796,B
109797,C
109798,C
109799,A
109800,D
109801,C
109802,D
109803,D
109804,B
109805,C
109806,B
109807,A
109808,C
109809,B
109810,A
109811,D
109812,A
109813,D
109814,A
109815,A
109816,B
109817,A
109818,A
109819,B
109820,C
109821,D
109822,B
109823,B
109824,C
109825,B
109826,A
109827,A
109828,A
109829,C
109830,D
109831,D
109832,B
109833,C
109834,C
109835,A
109836,D
109837,A
109838,C
109839,A
109840,C
109841,D
109842,D
109843,C
109844,D
109845,D
109846,A
109847,C
109848,A
109849,D
109850,B
109851,D
109852,A
109853,A
109854,C
109855,B
109856,C
109857,B
109858,B
109859,A
109860,C
109861,C
109862,A
109863,B
109864,D
109865,A
109866,B
109867,A
109868,A
109869,A
109870,B
109871,A
109872,C
109873,D
109874,C
109875,A
109876,B
109877,A
109878,B
109879,D
109880,C
109881,B
109882,D
109883,D
109884,C
109885,D
109886,B
109887,B
109888,C
109889,B
109890,D
109891,B
109892,D
109893,B
109894,A
109895,C
109896,D
109897,C
109898,B
109899,B
109900,A
109901,C
109902,A
109903,A
109904,D
109905,B
109906,B
109907,C
109908,B
109909,B
109910,D
109911,A
109912,D
109913,B
109914,D
109915,C
109916,B
109917,A
109918,B
109919,B
109920,D
109921,D
109922,C
109923,C
109924,D
109925,A
109926,D
109927,B
109928,A
109929,C
109930,A
109931,D
109932,A
109933,A
109934,A
109935,B
109936,D
109937,A
109938,D
109939,A
109940,B
109941,D
109942,A
109943,C
109944,C
109945,C
109946,C
109947,A
109948,B
109949,A
109950,D
109951,A
109952,C
109953,C
109954,C
109955,B
109956,A
109957,D
109958,A
109959,C
109960,D
109961,C
109962,C
109963,C
109964,A
109965,A
109966,C
109967,D
109968,B
109969,B
109970,A
109971,A
109972,A
109973,A
109974,B
109975,A
109976,A
109977,C
109978,C
109979,D
109980,D
109981,A
109982,B
109983,A
109984,C
109985,C
109986,B
109987,C
109988,A
109989,C
109990,C
109991,C
109992,B
109993,B
109994,B
109995,A
109996,C
109997,D
109998,C
109999,D
110000,D
110001,B
110002,D
110003,A
110004,B
110005,B
110006,B
110007,D
110008,A
110009,D
110010,C
110011,C
110012,C
110013,B
110014,D
110015,C
110016,B
110017,C
110018,B
110019,D
110020,A
110021,C
110022,A
110023,D
110024,D
110025,A
110026,D
110027,B
110028,D
110029,D
110030,D
110031,B
110032,B
110033,D
110034,D
110035,D
110036,B
110037,C
110038,A
110039,D
110040,B
110041,A
110042,A
110043,D
110044,B
110045,B
110046,A
110047,B
110048,C
110049,A
110050,B
110051,B
110052,B
110053,C
110054,A
110055,C
110056,B
110057,A
110058,C
110059,B
110060,A
110061,A
110062,D
110063,C
110064,A
110065,A
110066,D
110067,C
110068,B
110069,A
110070,D
110071,A
110072,A
110073,B
110074,A
110075,B
110076,B
110077,A
110078,D
110079,C
110080,A
110081,A
110082,B
110083,A
110084,A
110085,D
110086,A
110087,D
110088,B
110089,C
110090,B
110091,C
110092,B
110093,A
110094,B
110095,B
110096,A
110097,C
110098,C
110099,A
110100,D
110101,C
110102,A
110103,C
110104,B
110105,A
110106,D
110107,D
110108,D
110109,B
110110,B
110111,C
110112,D
110113,C
110114,A
110115,C
110116,C
110117,B
110118,C
110119,C
110120,C
110121,A
110122,B
110123,C
110124,A
110125,C
110126,C
110127,C
110128,D
110129,B
110130,A
110131,C
110132,D
110133,A
110134,A
110135,A
110136,D
110137,D
110138,C
110139,C
110140,A
110141,D
110142,A
110143,A
110144,C
110145,A
110146,C
110147,C
110148,B
110149,C
110150,C
110151,A
110152,D
110153,A
110154,B
110155,C
110156,D
110157,C
110158,A
110159,A
110160,B
110161,A
110162,D
110163,C
110164,A
110165,B
110166,B
110167,A
110168,C
110169,B
110170,D
110171,C
110172,A
110173,D
110174,A
110175,B
110176,C
110177,D
110178,A
110179,B
110180,B
110181,C
110182,D
110183,B
110184,A
110185,A
110186,A
110187,B
110188,C
110189,B
110190,A
110191,A
110192,D
110193,B
110194,D
110195,D
110196,D
110197,B
110198,A
110199,C
110200,D
110201,B
110202,D
110203,D
110204,C
110205,A
110206,C
110207,A
110208,C
110209,B
110210,B
110211,D
110212,C
110213,B
110214,C
110215,C
110216,B
110217,D
110218,B
110219,D
110220,D
110221,C
110222,C
110223,C
110224,A
110225,A
110226,B
110227,A
110228,B
110229,A
110230,B
110231,D
110232,A
110233,C
110234,A
110235,B
110236,B
110237,A
110238,B
110239,B
110240,C
110241,D
110242,A
110243,B
110244,B
110245,C
110246,C
110247,D
110248,C
110249,A
110250,C
110251,A
110252,C
110253,C
110254,B
110255,A
110256,A
110257,B
110258,C
110259,A
110260,D
110261,A
110262,D
110263,C
110264,D
110265,B
110266,A
110267,B
110268,D
110269,D
110270,B
110271,A
110272,B
110273,B
110274,D
110275,A
110276,B
110277,B
110278,A
110279,A
110280,C
110281,A
110282,B
110283,A
110284,B
110285,B
110286,D
110287,A
110288,C
110289,C
110290,D
110291,B
110292,A
110293,A
110294,C
110295,A
110296,B
110297,D
110298,D
110299,D
110300,C
110301,C
110302,A
110303,D
110304,D
110305,C
110306,D
110307,D
110308,A
110309,D
110310,B
110311,D
110312,A
110313,C
110314,A
110315,A
110316,A
110317,B
110318,B
110319,C
110320,C
110321,B
110322,B
110323,C
110324,D
110325,B
110326,C
110327,D
110328,A
110329,B
110330,A
110331,A
110332,D
110333,C
110334,B
110335,D
110336,C
110337,C
110338,C
110339,C
110340,D
110341,C
110342,C
110343,C
110344,A
110345,B
110346,C
110347,C
110348,D
110349,D
110350,A
110351,D
110352,B
110353,D
110354,B
110355,C
110356,D
110357,B
110358,B
110359,A
110360,B
110361,D
110362,D
110363,C
110364,A
110365,C
110366,B
110367,D
110368,C
110369,C
110370,B
110371,C
110372,D
110373,C
110374,B
110375,A
110376,B
110377,B
110378,A
110379,A
110380,B
110381,C
110382,D
110383,B
110384,B
110385,C
110386,C
110387,A
110388,D
110389,D
110390,B
110391,B
110392,C
110393,C
110394,A
110395,B
110396,A
110397,A
110398,D
110399,A
110400,A
110401,A
110402,D
110403,B
110404,D
110405,C
110406,C
110407,C
110408,A
110409,C
110410,C
110411,B
110412,B
110413,B
110414,D
110415,D
110416,A
110417,C
110418,B
110419,C
110420,B
110421,A
110422,D
110423,B
110424,B
110425,C
110426,B
110427,C
110428,C
110429,D
110430,C
110431,D
110432,C
110433,A
110434,B
110435,D
110436,A
110437,C
110438,B
110439,A
110440,B
110441,D
110442,C
110443,B
110444,C
110445,D
110446,C
110447,C
110448,C
110449,A
110450,D
110451,D
110452,C
110453,B
110454,C
110455,A
110456,A
110457,B
110458,B
110459,A
110460,C
110461,A
110462,B
110463,A
110464,C
110465,A
110466,C
110467,C
110468,C
110469,A
110470,C
110471,B
110472,C
110473,C
110474,C
110475,B
110476,B
110477,C
110478,C
110479,A
110480,A
110481,D
110482,C
110483,D
110484,A
110485,B
110486,A
110487,B
110488,D
110489,B
110490,C
110491,A
110492,C
110493,D
110494,D
110495,C
110496,D
110497,A
110498,D
110499,C
110500,A
110501,A
110502,D
110503,C
110504,C
110505,D
110506,C
110507,A
110508,D
110509,B
110510,A
110511,A
110512,D
110513,C
110514,A
110515,B
110516,D
110517,D
110518,B
110519,A
110520,D
110521,B
110522,B
110523,C
110524,B
110525,A
110526,B
110527,A
110528,A
110529,B
110530,B
110531,A
110532,B
110533,A
110534,D
110535,D
110536,C
110537,B
110538,C
110539,C
110540,C
110541,C
110542,A
110543,C
110544,B
110545,C
110546,A
110547,C
110548,A
110549,C
110550,A
110551,D
110552,B
110553,A
110554,A
110555,C
110556,C
110557,D
110558,D
110559,A
110560,A
110561,A
110562,B
110563,B
110564,B
110565,C
110566,C
110567,C
110568,D
110569,A
110570,A
110571,D
110572,A
110573,A
110574,B
110575,D
110576,B
110577,B
110578,B
110579,D
110580,C
110581,C
110582,D
110583,D
110584,C
110585,A
110586,D
110587,A
110588,D
110589,B
110590,D
110591,A
110592,B
110593,B
110594,B
110595,C
110596,B
110597,A
110598,A
110599,D
110600,D
110601,A
110602,C
110603,D
110604,C
110605,B
110606,D
110607,B
110608,A
110609,B
110610,C
110611,D
110612,C
110613,B
110614,C
110615,D
110616,D
110617,C
110618,D
110619,A
110620,D
110621,C
110622,B
110623,C
110624,D
110625,B
110626,C
110627,A
110628,A
110629,D
110630,C
110631,B
110632,C
